Subtotal Area	PHOENIX STREETS	ANDREW Y.S. CHENG	Registered Voters	Ballots Cast	Ballots Rejected	Overvotes	Undervotes	Ballots Counted	Writein Votes
All Precincts	73,560	131,468	481,991	253,583	246	135	47,266	205,936	908
All Precincts - Election Day	30,767	39,502	481,991	89,756	-68	35	19,068	70,721	452
All Precincts - Vote By Mail	42,793	91,966	481,991	163,827	314	100	28,198	135,215	456
Precinct 1101 - Election Day	42	26	544	83	0	0	15	68	0
Precinct 1101 - Vote By Mail	61	114	544	198	0	0	23	175	0
Precinct 1102 - Election Day	78	72	964	188	-2	0	40	150	0
Precinct 1102 - Vote By Mail	116	171	964	337	1	0	49	287	0
Precinct 1103 - Election Day	48	82	914	163	0	0	33	130	0
Precinct 1103 - Vote By Mail	87	214	914	348	1	0	45	302	1
Precinct 1104/1105 - Election Day	78	53	953	167	0	0	36	131	0
Precinct 1104/1105 - Vote By Mail	91	149	953	292	0	0	50	242	2
Precinct 1106 - Election Day	35	57	740	113	0	0	20	93	1
Precinct 1106 - Vote By Mail	71	137	740	231	0	1	22	208	0
Precinct 1107 - Election Day	34	48	721	101	0	0	19	82	0
Precinct 1107 - Vote By Mail	60	126	721	240	5	1	46	188	2
Precinct 1108 - Election Day	58	57	882	156	-1	0	39	118	3
Precinct 1108 - Vote By Mail	73	202	882	328	3	0	49	276	1
Precinct 1109 - Election Day	44	56	758	124	0	0	22	102	2
Precinct 1109 - Vote By Mail	57	170	758	265	0	0	35	230	3
Precinct 1111 - Election Day	50	64	938	132	-1	0	19	114	0
Precinct 1111 - Vote By Mail	82	194	938	330	3	1	47	279	3
Precinct 1112 - Election Day	32	40	702	96	0	1	23	72	0
Precinct 1112 - Vote By Mail	44	133	702	221	1	0	39	181	4
Precinct 1113 - Election Day	28	30	701	82	0	0	22	60	2
Precinct 1113 - Vote By Mail	66	156	701	272	2	1	46	223	1
Precinct 1114 - Election Day	63	42	915	139	0	0	33	106	1
Precinct 1114 - Vote By Mail	84	167	915	280	0	1	26	253	2
Precinct 1115 - Election Day	32	47	835	97	-1	0	19	79	0
Precinct 1115 - Vote By Mail	56	168	835	279	1	0	54	224	0
Precinct 1116 - Election Day	57	47	842	141	0	0	36	105	1
Precinct 1116 - Vote By Mail	80	138	842	275	1	0	55	219	1
Precinct 1117 - Election Day	56	45	827	138	-3	0	38	103	2
Precinct 1117 - Vote By Mail	76	123	827	240	1	0	38	201	2
Precinct 1118 - Election Day	74	57	974	158	0	0	25	133	2
Precinct 1118 - Vote By Mail	99	171	974	335	0	0	63	272	2
Precinct 1119 - Election Day	41	34	745	97	0	0	21	76	1
Precinct 1119 - Vote By Mail	80	147	745	274	0	0	45	229	2
Precinct 1121 - Election Day	32	55	653	104	-1	0	18	87	0
Precinct 1121 - Vote By Mail	61	119	653	221	2	0	39	180	0
Precinct 1122 - Election Day	23	31	607	69	0	0	13	56	2
Precinct 1122 - Vote By Mail	47	119	607	213	0	0	47	166	0
Precinct 1123 - Election Day	50	39	876	118	0	0	27	91	2
Precinct 1123 - Vote By Mail	64	161	876	254	1	1	27	225	0
Precinct 1124 - Election Day	40	37	773	109	0	0	31	78	1
Precinct 1124 - Vote By Mail	59	117	773	200	-1	0	22	179	3
Precinct 1125 - Election Day	35	26	987	80	-1	0	18	63	2
Precinct 1125 - Vote By Mail	68	207	987	329	-1	0	54	276	1
Precinct 1126 - Election Day	36	34	900	92	-2	0	22	72	2
Precinct 1126 - Vote By Mail	72	174	900	292	1	2	40	249	3
Precinct 1127 - Election Day	48	59	875	141	-1	1	33	108	1
Precinct 1127 - Vote By Mail	62	172	875	277	1	0	41	235	1
Precinct 1128 - Election Day	39	39	813	104	0	0	23	81	3
Precinct 1128 - Vote By Mail	58	144	813	246	0	0	44	202	0
Precinct 1129 - Election Day	33	58	924	120	0	0	28	92	1
Precinct 1129 - Vote By Mail	69	167	924	274	2	0	36	236	0
Precinct 1131 - Election Day	27	45	783	85	0	0	11	74	2
Precinct 1131 - Vote By Mail	71	169	783	288	1	0	46	241	1
Precinct 1132 - Election Day	47	40	910	112	0	0	24	88	1
Precinct 1132 - Vote By Mail	69	211	910	324	0	0	44	280	0
Precinct 1133 - Election Day	32	40	826	99	0	0	27	72	0
Precinct 1133 - Vote By Mail	68	176	826	292	-2	0	47	247	3
Precinct 1134 - Election Day	46	51	727	126	0	1	26	99	2
Precinct 1134 - Vote By Mail	56	145	727	241	0	0	40	201	0
Precinct 1135 - Election Day	28	32	511	71	0	0	10	61	1
Precinct 1135 - Vote By Mail	56	129	511	217	0	0	31	186	1
Precinct 1136 - Election Day	29	42	807	97	0	0	25	72	1
Precinct 1136 - Vote By Mail	56	184	807	287	1	0	44	242	2
Precinct 1141 - Election Day	54	63	998	149	0	0	31	118	1
Precinct 1141 - Vote By Mail	102	218	998	368	0	0	47	321	1
Precinct 1142 - Election Day	37	61	822	120	0	0	21	99	1
Precinct 1142 - Vote By Mail	95	131	822	266	1	0	38	227	1
Precinct 1143 - Election Day	68	59	989	147	-1	0	19	129	2
Precinct 1143 - Vote By Mail	120	133	989	311	0	1	55	255	2
Precinct 1144 - Election Day	67	51	870	148	-1	1	29	119	1
Precinct 1144 - Vote By Mail	97	130	870	264	-2	0	39	227	0
Precinct 1145 - Election Day	51	58	879	136	1	0	25	110	1
Precinct 1145 - Vote By Mail	115	192	879	370	0	0	63	307	0
Precinct 1146 - Election Day	63	41	971	124	1	0	18	105	1
Precinct 1146 - Vote By Mail	113	171	971	326	0	2	40	284	0
Precinct 1147 - Election Day	68	54	853	166	1	0	42	123	1
Precinct 1147 - Vote By Mail	107	136	853	279	-1	0	37	243	0
Precinct 1148 - Election Day	50	49	918	121	0	0	22	99	0
Precinct 1148 - Vote By Mail	82	172	918	314	1	0	57	256	2
Precinct 1149 - Election Day	60	55	873	148	-2	0	35	115	0
Precinct 1149 - Vote By Mail	86	154	873	285	0	1	44	240	0
Precinct 1152 - Election Day	57	43	838	125	-1	0	26	100	0
Precinct 1152 - Vote By Mail	56	183	838	286	1	0	44	241	2
Precinct 1153 - Election Day	38	65	909	139	0	0	36	103	0
Precinct 1153 - Vote By Mail	89	179	909	306	0	0	38	268	0
Precinct 7001 - Election Day	46	43	735	119	-2	0	31	90	1
Precinct 7001 - Vote By Mail	84	122	735	266	6	0	53	207	1
Precinct 7002 - Election Day	46	59	641	132	1	0	26	105	0
Precinct 7002 - Vote By Mail	62	91	641	173	0	0	20	153	0
Precinct 7003 - Election Day	57	85	864	188	-1	0	46	143	1
Precinct 7003 - Vote By Mail	87	190	864	340	1	0	60	279	2
Precinct 7004 - Election Day	38	92	835	175	-1	0	46	130	0
Precinct 7004 - Vote By Mail	87	165	835	306	6	0	46	254	2
Precinct 7005 - Election Day	72	70	812	180	-1	0	39	142	0
Precinct 7005 - Vote By Mail	102	144	812	295	2	0	47	246	0
Precinct 7006 - Election Day	100	67	884	213	-1	0	46	168	1
Precinct 7006 - Vote By Mail	117	130	884	290	1	0	42	247	0
Precinct 7007 - Election Day	78	102	916	233	-4	0	56	181	1
Precinct 7007 - Vote By Mail	99	174	916	323	2	0	47	274	1
Precinct 7008 - Election Day	61	77	861	187	0	0	49	138	0
Precinct 7008 - Vote By Mail	89	186	861	345	0	0	70	275	0
Precinct 7009 - Election Day	57	51	864	133	-1	0	26	108	0
Precinct 7009 - Vote By Mail	88	160	864	312	-2	0	65	249	1
Precinct 7011 - Election Day	51	54	976	141	0	0	33	108	3
Precinct 7011 - Vote By Mail	69	97	976	205	1	0	36	168	2
Precinct 7012 - Election Day	85	99	1,061	224	0	0	39	185	1
Precinct 7012 - Vote By Mail	119	199	1,061	383	0	1	63	319	1
Precinct 7013 - Election Day	49	60	805	132	0	0	22	110	1
Precinct 7013 - Vote By Mail	73	136	805	251	2	0	39	210	1
Precinct 7014 - Election Day	74	82	1,213	188	-2	0	34	156	0
Precinct 7014 - Vote By Mail	127	238	1,213	434	-1	0	69	366	1
Precinct 7015 MB - Vote By Mail	22	10	93	34	0	0	2	32	0
Precinct 7016 - Election Day	41	37	891	112	2	0	32	78	0
Precinct 7016 - Vote By Mail	52	126	891	221	2	0	40	179	1
Precinct 7017 - Election Day	17	33	734	79	0	0	29	50	0
Precinct 7017 - Vote By Mail	59	73	734	167	1	0	34	132	0
Precinct 7018 - Election Day	31	33	908	88	-1	0	25	64	0
Precinct 7018 - Vote By Mail	70	210	908	343	5	0	56	282	2
Precinct 7019 - Election Day	33	46	864	111	2	0	30	79	0
Precinct 7019 - Vote By Mail	85	214	864	349	-1	0	49	301	2
Precinct 7021 - Election Day	52	47	927	129	0	0	28	101	2
Precinct 7021 - Vote By Mail	69	111	927	220	-1	0	40	181	1
Precinct 7022 - Election Day	72	63	923	164	-1	0	29	136	1
Precinct 7022 - Vote By Mail	92	132	923	270	2	0	44	224	0
Precinct 7023 - Election Day	49	53	906	131	-1	0	29	103	1
Precinct 7023 - Vote By Mail	100	159	906	301	-3	0	44	260	1
Precinct 7024 - Election Day	8	14	386	30	0	0	8	22	0
Precinct 7024 - Vote By Mail	12	29	386	47	1	0	5	41	0
Precinct 7025 - Election Day	31	18	448	66	1	0	15	50	1
Precinct 7025 - Vote By Mail	36	32	448	78	2	0	8	68	0
Precinct 7026 - Election Day	32	41	971	90	-1	0	17	74	1
Precinct 7026 - Vote By Mail	48	249	971	350	8	0	43	299	2
Precinct 7027 - Election Day	49	41	845	136	2	0	43	91	1
Precinct 7027 - Vote By Mail	70	142	845	271	2	0	56	213	1
Precinct 7028 - Election Day	59	65	835	157	-1	1	33	124	0
Precinct 7028 - Vote By Mail	58	90	835	180	0	0	31	149	1
Precinct 7029 - Election Day	45	42	855	115	1	0	27	87	0
Precinct 7029 - Vote By Mail	54	84	855	166	2	0	24	140	2
Precinct 7030 - Election Day	27	54	729	94	0	0	13	81	0
Precinct 7030 - Vote By Mail	41	194	729	277	0	0	41	236	1
Precinct 7031 - Election Day	21	19	611	50	0	0	9	41	1
Precinct 7031 - Vote By Mail	46	135	611	224	0	0	43	181	0
Precinct 7032 - Election Day	45	46	867	126	-2	0	35	93	2
Precinct 7032 - Vote By Mail	71	126	867	238	1	1	39	197	0
Precinct 7033 - Election Day	61	38	765	135	0	0	34	101	2
Precinct 7033 - Vote By Mail	53	98	765	181	0	2	28	151	0
Precinct 7034 - Election Day	29	35	914	97	0	1	32	64	0
Precinct 7034 - Vote By Mail	50	68	914	154	-1	1	34	120	2
Precinct 7035 - Election Day	30	29	553	73	-1	0	15	59	0
Precinct 7035 - Vote By Mail	52	85	553	170	1	0	31	138	1
Precinct 7036 - Election Day	21	23	898	52	0	0	8	44	0
Precinct 7036 - Vote By Mail	54	173	898	265	0	0	35	230	3
Precinct 7037 - Election Day	20	26	730	73	0	0	27	46	0
Precinct 7037 - Vote By Mail	20	34	730	64	1	0	8	55	1
Precinct 7038 - Election Day	22	40	880	84	0	0	19	65	3
Precinct 7038 - Vote By Mail	41	167	880	255	0	0	47	208	0
Precinct 7039 - Election Day	36	54	768	111	0	0	20	91	1
Precinct 7039 - Vote By Mail	36	137	768	225	3	0	45	177	4
Precinct 7041 MB - Vote By Mail	8	13	60	24	1	0	2	21	0
Precinct 7042 - Election Day	26	38	632	75	0	0	9	66	2
Precinct 7042 - Vote By Mail	50	108	632	191	0	0	33	158	0
Precinct 7043 - Election Day	44	31	915	97	0	0	21	76	1
Precinct 7043 - Vote By Mail	76	164	915	282	0	1	41	240	0
Precinct 7044 - Election Day	32	24	805	86	-1	0	31	56	0
Precinct 7044 - Vote By Mail	38	63	805	125	-1	0	25	101	0
Precinct 7045 - Election Day	27	33	763	87	0	0	25	62	2
Precinct 7045 - Vote By Mail	37	176	763	282	1	1	67	213	0
Precinct 7046 - Election Day	21	25	385	54	0	0	8	46	0
Precinct 7046 - Vote By Mail	32	86	385	136	-1	0	19	118	0
Precinct 7047 - Election Day	21	29	781	68	-1	1	18	50	0
Precinct 7047 - Vote By Mail	68	190	781	298	2	0	37	259	1
Precinct 7048 - Election Day	37	38	815	94	0	0	18	76	1
Precinct 7048 - Vote By Mail	55	145	815	248	1	0	43	204	4
Precinct 7049 - Election Day	14	64	751	108	0	0	27	81	3
Precinct 7049 - Vote By Mail	33	162	751	241	0	0	45	196	1
Precinct 7051 - Election Day	32	25	839	70	-1	1	13	57	0
Precinct 7051 - Vote By Mail	60	195	839	302	2	0	45	255	0
Precinct 7052 - Election Day	41	61	806	120	-1	0	19	102	0
Precinct 7052 - Vote By Mail	42	193	806	278	1	0	42	235	0
Precinct 7053 - Election Day	14	21	548	44	0	0	9	35	0
Precinct 7053 - Vote By Mail	28	140	548	205	3	0	34	168	0
Precinct 7054 - Election Day	73	42	1,024	141	0	0	25	116	1
Precinct 7054 - Vote By Mail	101	131	1,024	275	1	0	42	232	0
Precinct 7055 - Election Day	24	39	699	83	-1	0	20	64	1
Precinct 7055 - Vote By Mail	51	159	699	256	2	0	44	210	0
Precinct 7101 MB - Vote By Mail	22	43	141	83	0	0	18	65	0
Precinct 7201 - Election Day	34	68	900	147	0	0	44	103	1
Precinct 7201 - Vote By Mail	86	174	900	333	0	0	73	260	0
Precinct 7202 - Election Day	32	75	830	138	-1	0	30	109	2
Precinct 7202 - Vote By Mail	34	182	830	271	-2	0	57	216	0
Precinct 7203 - Election Day	48	90	867	174	0	0	36	138	0
Precinct 7203 - Vote By Mail	47	146	867	243	1	0	47	195	2
Precinct 7204 - Election Day	42	72	888	157	0	0	43	114	0
Precinct 7204 - Vote By Mail	66	216	888	340	2	0	56	282	0
Precinct 7205 - Election Day	46	98	847	183	0	0	38	145	1
Precinct 7205 - Vote By Mail	51	209	847	309	0	0	49	260	0
Precinct 7206 - Election Day	25	48	375	88	0	0	14	74	1
Precinct 7206 - Vote By Mail	31	61	375	124	1	0	31	92	0
Precinct 7207 - Election Day	28	59	744	119	0	0	32	87	0
Precinct 7207 - Vote By Mail	59	130	744	231	2	0	40	189	0
Precinct 7208 - Election Day	26	35	567	76	0	0	15	61	0
Precinct 7208 - Vote By Mail	46	124	567	206	1	0	34	171	1
Precinct 7209 - Election Day	16	37	586	69	0	0	16	53	0
Precinct 7209 - Vote By Mail	39	223	586	326	3	1	60	262	0
Precinct 7301 - Election Day	45	69	1,002	150	0	0	34	116	2
Precinct 7301 - Vote By Mail	75	165	1,002	299	3	0	54	242	2
Precinct 7302 - Election Day	39	62	806	121	0	0	20	101	0
Precinct 7302 - Vote By Mail	68	223	806	352	0	0	59	293	2
Precinct 7303 - Election Day	47	73	986	167	-1	0	48	120	0
Precinct 7303 - Vote By Mail	68	180	986	318	1	1	68	248	0
Precinct 7304 - Election Day	50	104	972	203	1	0	47	155	1
Precinct 7304 - Vote By Mail	69	201	972	330	0	0	59	271	1
Precinct 7305 - Election Day	50	73	851	171	0	0	48	123	0
Precinct 7305 - Vote By Mail	71	168	851	306	-1	0	65	242	3
Precinct 7306 - Election Day	59	69	1,014	179	0	0	51	128	0
Precinct 7306 - Vote By Mail	67	176	1,014	302	-2	0	60	244	1
Precinct 7307 - Election Day	50	60	726	143	0	0	33	110	0
Precinct 7307 - Vote By Mail	48	124	726	226	2	0	51	173	1
Precinct 7308 - Election Day	33	76	598	133	0	0	24	109	0
Precinct 7308 - Vote By Mail	43	124	598	204	-1	0	38	167	0
Precinct 7309 - Election Day	50	72	826	160	-2	0	40	122	0
Precinct 7309 - Vote By Mail	54	116	826	209	0	0	39	170	0
Precinct 7311 - Election Day	58	77	901	175	-1	0	40	136	1
Precinct 7311 - Vote By Mail	67	156	901	266	0	0	43	223	0
Precinct 7312 - Election Day	26	68	810	128	0	0	34	94	0
Precinct 7312 - Vote By Mail	50	215	810	332	3	0	64	265	0
Precinct 7313 - Election Day	41	61	925	135	0	0	33	102	0
Precinct 7313 - Vote By Mail	50	220	925	315	-1	0	46	270	0
Precinct 7314 - Election Day	24	33	760	92	0	0	33	59	2
Precinct 7314 - Vote By Mail	27	137	760	213	-1	0	50	164	0
Precinct 7315 - Election Day	47	42	725	119	0	0	29	90	1
Precinct 7315 - Vote By Mail	36	110	725	178	1	0	31	146	0
Precinct 7316 - Election Day	54	43	824	122	0	0	24	98	1
Precinct 7316 - Vote By Mail	65	154	824	266	0	0	47	219	0
Precinct 7317 - Election Day	39	54	886	117	0	0	24	93	0
Precinct 7317 - Vote By Mail	66	215	886	340	2	0	55	283	2
Precinct 7318 - Election Day	35	49	709	123	0	0	39	84	0
Precinct 7318 - Vote By Mail	41	164	709	243	-2	0	40	205	0
Precinct 7319 - Election Day	54	84	1,035	182	0	1	43	138	0
Precinct 7319 - Vote By Mail	66	157	1,035	296	0	0	73	223	0
Precinct 7321 - Election Day	24	46	644	100	0	0	30	70	0
Precinct 7321 - Vote By Mail	43	133	644	211	0	0	35	176	0
Precinct 7322 - Election Day	21	25	859	60	0	0	14	46	0
Precinct 7322 - Vote By Mail	22	225	859	304	-1	0	57	248	1
Precinct 7323 - Election Day	36	75	881	146	1	0	34	111	0
Precinct 7323 - Vote By Mail	64	148	881	273	0	0	61	212	0
Precinct 7324 - Election Day	39	52	687	125	0	0	34	91	0
Precinct 7324 - Vote By Mail	31	126	687	198	0	0	41	157	0
Precinct 7325 - Election Day	55	56	870	150	0	0	39	111	0
Precinct 7325 - Vote By Mail	45	161	870	276	0	0	69	207	1
Precinct 7326 - Election Day	44	73	853	150	1	0	31	118	1
Precinct 7326 - Vote By Mail	57	157	853	256	-1	0	43	214	0
Precinct 7327 - Election Day	17	27	684	62	0	0	18	44	0
Precinct 7327 - Vote By Mail	26	205	684	277	1	0	44	232	1
Precinct 7328 - Election Day	18	31	950	70	0	0	21	49	0
Precinct 7328 - Vote By Mail	48	264	950	391	0	1	77	313	1
Precinct 7329 - Election Day	14	41	610	71	-1	0	17	55	0
Precinct 7329 - Vote By Mail	28	145	610	205	-2	1	32	174	1
Precinct 7331 - Election Day	28	71	860	130	0	0	30	100	1
Precinct 7331 - Vote By Mail	65	218	860	357	-1	0	74	284	1
Precinct 7332 - Election Day	61	57	799	154	0	0	34	120	2
Precinct 7332 - Vote By Mail	70	99	799	209	0	0	39	170	1
Precinct 7333 - Election Day	62	80	974	174	1	0	30	143	1
Precinct 7333 - Vote By Mail	72	178	974	323	0	0	70	253	3
Precinct 7334 - Election Day	42	44	854	113	0	0	27	86	0
Precinct 7334 - Vote By Mail	65	160	854	275	-2	0	51	226	1
Precinct 7335 - Election Day	49	58	936	144	0	0	36	108	1
Precinct 7335 - Vote By Mail	74	225	936	354	-2	2	55	299	0
Precinct 7336 - Election Day	52	70	920	155	2	0	31	122	0
Precinct 7336 - Vote By Mail	81	178	920	324	0	0	64	260	1
Precinct 7337 - Election Day	36	53	825	115	0	0	26	89	0
Precinct 7337 - Vote By Mail	67	176	825	305	0	1	60	244	1
Precinct 7338 - Election Day	23	47	884	100	1	0	29	70	0
Precinct 7338 - Vote By Mail	41	256	884	364	-3	0	69	298	1
Precinct 7339 - Election Day	41	41	618	111	-1	0	30	82	0
Precinct 7339 - Vote By Mail	57	94	618	181	1	0	26	154	3
Precinct 7341 - Election Day	50	47	877	124	0	0	27	97	0
Precinct 7341 - Vote By Mail	69	130	877	246	-2	0	49	199	0
Precinct 7342 - Election Day	92	89	911	234	3	0	48	183	2
Precinct 7342 - Vote By Mail	74	129	911	251	0	0	48	203	0
Precinct 7343 - Election Day	57	53	707	144	0	0	34	110	0
Precinct 7343 - Vote By Mail	70	75	707	186	3	1	37	145	0
Precinct 7344 - Election Day	60	84	1,039	179	-1	0	36	144	0
Precinct 7344 - Vote By Mail	96	195	1,039	334	-1	0	44	291	0
Precinct 7345 - Election Day	79	63	1,077	183	0	0	38	145	3
Precinct 7345 - Vote By Mail	89	135	1,077	283	2	0	54	227	3
Precinct 7346 - Election Day	76	59	877	168	1	0	30	137	2
Precinct 7346 - Vote By Mail	76	107	877	221	-1	0	38	184	1
Precinct 7347 - Election Day	65	45	968	137	0	0	25	112	2
Precinct 7347 - Vote By Mail	113	132	968	279	0	0	34	245	0
Precinct 7348 - Election Day	49	66	832	139	-1	0	24	116	1
Precinct 7348 - Vote By Mail	62	99	832	202	1	1	39	161	0
Precinct 7349 - Election Day	50	65	921	147	-1	1	30	117	2
Precinct 7349 - Vote By Mail	77	152	921	282	0	0	51	231	2
Precinct 7501 - Election Day	27	58	554	118	-1	0	34	85	0
Precinct 7501 - Vote By Mail	27	106	554	168	0	0	35	133	0
Precinct 7502 - Election Day	43	41	741	113	1	0	28	84	0
Precinct 7502 - Vote By Mail	89	191	741	349	-4	0	69	284	4
Precinct 7503 - Election Day	42	55	727	132	1	0	33	98	1
Precinct 7503 - Vote By Mail	61	122	727	226	2	0	40	184	1
Precinct 7504 - Election Day	20	39	484	76	0	0	17	59	0
Precinct 7504 - Vote By Mail	31	93	484	158	1	0	31	126	2
Precinct 7505 - Election Day	24	82	871	131	0	0	24	107	1
Precinct 7505 - Vote By Mail	60	283	871	417	1	1	71	344	1
Precinct 7506 - Election Day	52	50	920	133	1	0	29	103	1
Precinct 7506 - Vote By Mail	76	117	920	252	2	0	56	194	1
Precinct 7507 - Election Day	60	54	919	158	-1	0	43	116	2
Precinct 7507 - Vote By Mail	82	129	919	255	4	0	38	213	2
Precinct 7508 - Election Day	31	52	702	106	0	0	22	84	1
Precinct 7508 - Vote By Mail	77	185	702	340	0	0	77	263	1
Precinct 7509/7511 - Election Day	67	75	909	171	-2	0	29	144	2
Precinct 7509/7511 - Vote By Mail	97	170	909	319	0	0	52	267	0
Precinct 7512 - Election Day	39	29	604	96	2	0	25	69	1
Precinct 7512 - Vote By Mail	64	96	604	196	2	0	34	160	0
Precinct 7513 - Election Day	58	56	790	142	0	0	28	114	0
Precinct 7513 - Vote By Mail	63	99	790	208	0	0	45	163	1
Precinct 7514 - Election Day	27	34	863	95	-2	0	35	62	1
Precinct 7514 - Vote By Mail	78	113	863	235	2	0	42	191	0
Precinct 7515 - Election Day	54	56	845	150	0	0	39	111	1
Precinct 7515 - Vote By Mail	74	144	845	289	3	0	66	220	2
Precinct 7516 - Election Day	46	69	886	145	0	0	29	116	1
Precinct 7516 - Vote By Mail	108	208	886	378	0	0	60	318	2
Precinct 7517 - Election Day	92	85	863	228	-1	0	52	177	0
Precinct 7517 - Vote By Mail	91	107	863	251	0	0	52	199	1
Precinct 7518 - Election Day	91	95	939	235	0	0	49	186	0
Precinct 7518 - Vote By Mail	114	136	939	298	0	0	48	250	0
Precinct 7519 - Election Day	86	61	726	179	0	0	32	147	0
Precinct 7519 - Vote By Mail	73	69	726	185	1	0	42	142	0
Precinct 7521 - Election Day	91	73	802	211	0	0	47	164	0
Precinct 7521 - Vote By Mail	63	101	802	215	-1	1	51	164	0
Precinct 7522 - Election Day	85	50	743	175	-1	0	41	135	0
Precinct 7522 - Vote By Mail	108	89	743	240	-2	0	45	197	0
Precinct 7523 - Election Day	125	42	737	208	0	0	39	169	2
Precinct 7523 - Vote By Mail	79	106	737	223	-2	0	40	185	0
Precinct 7524 - Election Day	40	66	646	143	2	0	34	107	1
Precinct 7524 - Vote By Mail	72	62	646	165	1	1	29	134	0
Precinct 7525 - Election Day	58	49	779	145	-3	0	39	109	2
Precinct 7525 - Vote By Mail	70	89	779	214	4	0	51	159	0
Precinct 7526 - Election Day	89	75	947	197	1	0	31	165	1
Precinct 7526 - Vote By Mail	96	155	947	313	2	0	60	251	0
Precinct 7527/7528 - Election Day	64	57	729	162	0	0	41	121	0
Precinct 7527/7528 - Vote By Mail	76	109	729	237	4	0	47	186	1
Precinct 7529 - Election Day	106	67	925	214	-1	0	40	175	2
Precinct 7529 - Vote By Mail	124	115	925	300	2	0	57	241	2
Precinct 7531 - Election Day	73	59	847	179	0	0	47	132	0
Precinct 7531 - Vote By Mail	95	110	847	263	0	1	55	207	2
Precinct 7532 - Election Day	61	67	823	172	1	0	42	129	1
Precinct 7532 - Vote By Mail	65	118	823	226	0	0	43	183	0
Precinct 7533 - Election Day	140	75	951	268	-1	0	53	216	1
Precinct 7533 - Vote By Mail	124	130	951	297	0	0	43	254	0
Precinct 7534 - Election Day	111	90	883	241	0	1	39	201	0
Precinct 7534 - Vote By Mail	96	106	883	240	-1	0	39	202	0
Precinct 7535 - Election Day	97	65	743	201	0	0	38	163	1
Precinct 7535 - Vote By Mail	101	108	743	251	0	0	42	209	0
Precinct 7536 - Election Day	92	68	856	206	-1	0	47	160	0
Precinct 7536 - Vote By Mail	98	122	856	279	0	0	59	220	0
Precinct 7537 - Election Day	76	68	734	187	0	0	42	145	1
Precinct 7537 - Vote By Mail	88	89	734	225	1	0	46	178	1
Precinct 7538 - Election Day	105	63	757	223	0	0	55	168	0
Precinct 7538 - Vote By Mail	90	120	757	256	0	0	45	211	1
Precinct 7539 - Election Day	125	74	884	250	1	0	50	199	0
Precinct 7539 - Vote By Mail	118	108	884	286	-1	0	61	226	0
Precinct 7541 - Election Day	87	68	791	215	1	0	59	155	0
Precinct 7541 - Vote By Mail	73	122	791	245	1	0	49	195	0
Precinct 7542 - Election Day	81	62	787	183	0	0	40	143	0
Precinct 7542 - Vote By Mail	107	94	787	247	1	0	45	201	0
Precinct 7543 - Election Day	71	73	910	187	-2	0	42	147	3
Precinct 7543 - Vote By Mail	120	161	910	332	0	0	51	281	0
Precinct 7544 - Election Day	80	66	877	186	0	0	38	148	2
Precinct 7544 - Vote By Mail	124	145	877	331	-3	0	63	271	2
Precinct 7545 - Election Day	84	64	877	179	-1	0	31	149	1
Precinct 7545 - Vote By Mail	94	140	877	291	0	1	55	235	1
Precinct 7546 - Election Day	87	95	913	219	0	0	36	183	1
Precinct 7546 - Vote By Mail	119	148	913	310	1	0	42	267	0
Precinct 7547 - Election Day	112	73	987	244	-2	0	61	185	0
Precinct 7547 - Vote By Mail	146	112	987	322	5	0	59	258	0
Precinct 7548 - Election Day	100	90	1,054	236	1	0	45	190	0
Precinct 7548 - Vote By Mail	115	169	1,054	345	4	0	55	286	2
Precinct 7549 - Election Day	69	64	785	165	-2	0	34	133	0
Precinct 7549 - Vote By Mail	88	140	785	281	1	1	51	228	0
Precinct 7551 - Election Day	70	89	705	199	-1	0	40	160	1
Precinct 7551 - Vote By Mail	78	114	705	240	2	0	46	192	0
Precinct 7552 - Election Day	62	91	718	191	0	0	37	154	1
Precinct 7552 - Vote By Mail	63	132	718	232	0	0	37	195	0
Precinct 7553 MB - Vote By Mail	15	64	171	87	2	0	6	79	0
Precinct 7554 - Election Day	61	75	785	179	-1	0	41	139	3
Precinct 7554 - Vote By Mail	63	185	785	323	0	0	75	248	0
Precinct 7555 - Election Day	63	128	847	242	0	0	50	192	1
Precinct 7555 - Vote By Mail	83	175	847	304	1	0	45	258	0
Precinct 7556/7557 - Election Day	57	119	961	223	-3	0	50	176	0
Precinct 7556/7557 - Vote By Mail	85	264	961	422	1	0	72	349	0
Precinct 7601 - Election Day	53	51	744	128	-1	0	25	104	0
Precinct 7601 - Vote By Mail	61	88	744	185	3	2	30	150	1
Precinct 7602 - Election Day	63	54	880	147	-3	1	31	118	1
Precinct 7602 - Vote By Mail	77	121	880	243	3	0	41	199	1
Precinct 7603 - Election Day	66	50	826	152	1	0	35	116	0
Precinct 7603 - Vote By Mail	76	102	826	215	0	0	36	179	1
Precinct 7604 - Election Day	46	58	906	133	0	0	27	106	2
Precinct 7604 - Vote By Mail	90	107	906	233	-2	0	37	198	1
Precinct 7605 - Election Day	30	29	651	77	0	0	17	60	1
Precinct 7605 - Vote By Mail	30	86	651	155	3	1	34	117	1
Precinct 7606 - Election Day	49	50	895	127	1	0	27	99	0
Precinct 7606 - Vote By Mail	90	78	895	212	1	0	39	172	4
Precinct 7607 - Election Day	54	45	955	120	0	0	21	99	0
Precinct 7607 - Vote By Mail	81	149	955	265	-4	1	37	231	1
Precinct 7608 - Election Day	8	25	388	46	1	0	12	33	0
Precinct 7608 - Vote By Mail	35	72	388	119	-2	0	13	108	1
Precinct 7609 - Election Day	31	38	916	101	0	0	31	70	1
Precinct 7609 - Vote By Mail	67	169	916	297	2	0	59	236	0
Precinct 7611 - Election Day	28	30	756	76	0	0	16	60	2
Precinct 7611 - Vote By Mail	65	102	756	204	2	0	33	169	2
Precinct 7612 - Election Day	18	43	574	76	0	0	15	61	0
Precinct 7612 - Vote By Mail	50	120	574	210	-1	0	41	170	0
Precinct 7613 - Election Day	60	52	887	140	0	0	27	113	1
Precinct 7613 - Vote By Mail	74	99	887	215	2	0	40	173	0
Precinct 7614 - Election Day	53	46	1,015	123	-2	0	26	99	0
Precinct 7614 - Vote By Mail	90	117	1,015	238	0	0	29	209	2
Precinct 7615 - Election Day	35	36	832	108	0	3	33	72	1
Precinct 7615 - Vote By Mail	32	102	832	170	0	0	36	134	0
Precinct 7616 - Election Day	43	63	951	129	-1	0	21	109	3
Precinct 7616 - Vote By Mail	99	170	951	331	2	0	60	269	0
Precinct 7617 - Election Day	27	33	751	84	-1	1	23	61	1
Precinct 7617 - Vote By Mail	59	110	751	223	2	0	51	170	1
Precinct 7618 - Election Day	49	41	866	123	1	0	32	90	0
Precinct 7618 - Vote By Mail	97	134	866	272	-3	0	43	232	1
Precinct 7619 - Election Day	81	38	993	154	-1	0	36	119	0
Precinct 7619 - Vote By Mail	99	164	993	308	-1	0	46	263	0
Precinct 7621 - Election Day	62	73	1,132	163	-1	0	27	137	2
Precinct 7621 - Vote By Mail	101	181	1,132	346	3	0	59	284	2
Precinct 7622 - Election Day	42	31	964	99	2	1	23	73	0
Precinct 7622 - Vote By Mail	65	92	964	193	1	1	34	157	0
Precinct 7623 - Election Day	50	54	712	122	-15	0	33	104	0
Precinct 7623 - Vote By Mail	57	100	712	196	2	0	37	157	0
Precinct 7624 - Election Day	36	52	905	104	1	0	14	89	1
Precinct 7624 - Vote By Mail	69	91	905	195	1	0	33	161	1
Precinct 7625 - Election Day	16	34	821	73	0	0	23	50	0
Precinct 7625 - Vote By Mail	46	292	821	415	0	1	76	338	0
Precinct 7626 - Election Day	31	66	1,081	128	1	0	30	97	0
Precinct 7626 - Vote By Mail	68	223	1,081	361	1	0	68	292	1
Precinct 7627 - Election Day	27	63	1,075	116	-1	0	27	90	0
Precinct 7627 - Vote By Mail	57	187	1,075	319	0	0	75	244	0
Precinct 7628 - Election Day	55	55	906	156	0	0	46	110	0
Precinct 7628 - Vote By Mail	98	128	906	267	0	1	38	228	2
Precinct 7629 - Election Day	47	39	805	108	-1	0	22	87	1
Precinct 7629 - Vote By Mail	54	102	805	206	2	0	47	157	1
Precinct 7631 - Election Day	53	62	1,085	146	-1	0	31	116	1
Precinct 7631 - Vote By Mail	78	199	1,085	339	2	0	59	278	1
Precinct 7632 - Election Day	59	69	965	167	1	0	37	129	1
Precinct 7632 - Vote By Mail	103	143	965	286	0	0	40	246	0
Precinct 7633 - Election Day	30	40	702	90	0	0	19	71	1
Precinct 7633 - Vote By Mail	47	164	702	253	0	0	41	212	1
Precinct 7634 - Election Day	31	55	859	120	1	0	32	87	1
Precinct 7634 - Vote By Mail	77	173	859	291	2	0	39	250	0
Precinct 7635 - Election Day	33	33	782	89	0	0	22	67	1
Precinct 7635 - Vote By Mail	84	122	782	242	3	0	30	209	3
Precinct 7636 - Election Day	32	71	920	134	-1	0	32	103	0
Precinct 7636 - Vote By Mail	59	142	920	251	-1	0	51	201	0
Precinct 7637 - Election Day	25	47	732	89	0	0	17	72	0
Precinct 7637 - Vote By Mail	39	166	732	249	0	0	44	205	0
Precinct 7638 - Election Day	21	75	1,365	129	0	0	33	96	0
Precinct 7638 - Vote By Mail	72	315	1,365	492	2	0	100	390	3
Precinct 7639 - Election Day	18	58	962	110	1	0	31	78	2
Precinct 7639 - Vote By Mail	60	192	962	319	-2	0	68	253	1
Precinct 7641 - Election Day	29	58	931	114	0	0	27	87	0
Precinct 7641 - Vote By Mail	63	223	931	374	0	0	86	288	2
Precinct 7642 - Election Day	20	36	909	84	0	0	27	57	1
Precinct 7642 - Vote By Mail	69	91	909	268	0	0	107	161	1
Precinct 7643 - Election Day	23	44	871	99	0	0	31	68	1
Precinct 7643 - Vote By Mail	69	224	871	355	2	1	59	293	0
Precinct 7644 - Election Day	43	76	1,082	156	-2	0	39	119	0
Precinct 7644 - Vote By Mail	49	180	1,082	291	1	1	60	229	0
Precinct 7645 - Election Day	13	40	631	63	0	0	9	54	1
Precinct 7645 - Vote By Mail	48	157	631	241	-3	0	39	205	0
Precinct 7646 - Election Day	23	56	1,035	110	0	0	29	81	2
Precinct 7646 - Vote By Mail	59	208	1,035	326	0	0	59	267	0
Precinct 7647 - Election Day	38	44	1,027	107	0	1	20	86	4
Precinct 7647 - Vote By Mail	66	84	1,027	185	0	0	34	151	1
Precinct 7648 MB - Vote By Mail	0	0	2	0	0	0	0	0	0
Precinct 7649 - Election Day	34	43	877	97	1	0	17	79	2
Precinct 7649 - Vote By Mail	71	122	877	234	2	0	38	194	1
Precinct 7651 - Election Day	12	28	555	48	0	0	7	41	1
Precinct 7651 - Vote By Mail	31	102	555	155	0	0	22	133	0
Precinct 7652 - Election Day	22	29	580	68	-1	0	17	52	1
Precinct 7652 - Vote By Mail	36	96	580	163	-3	0	34	132	0
Precinct 7653 - Election Day	38	67	1,092	137	1	0	31	105	0
Precinct 7653 - Vote By Mail	79	181	1,092	321	0	0	59	262	2
Precinct 7701 - Election Day	74	91	1,012	225	0	0	58	167	2
Precinct 7701 - Vote By Mail	106	184	1,012	383	2	0	90	291	1
Precinct 7702 - Election Day	30	69	704	117	0	0	18	99	0
Precinct 7702 - Vote By Mail	62	185	704	302	-1	0	55	248	1
Precinct 7703 MB - Vote By Mail	18	21	172	66	1	1	23	41	2
Precinct 7704 - Election Day	53	113	977	208	0	0	40	168	2
Precinct 7704 - Vote By Mail	77	247	977	396	1	0	69	326	2
Precinct 7705 - Election Day	23	71	547	123	0	0	28	95	1
Precinct 7705 - Vote By Mail	41	149	547	227	0	0	36	191	1
Precinct 7706 - Election Day	56	102	821	189	0	0	31	158	0
Precinct 7706 - Vote By Mail	90	194	821	341	0	0	56	285	1
Precinct 7707 - Election Day	60	100	839	200	1	0	39	160	0
Precinct 7707 - Vote By Mail	70	233	839	379	-1	0	77	303	0
Precinct 7708 - Election Day	46	88	860	181	1	0	46	134	0
Precinct 7708 - Vote By Mail	94	261	860	400	-1	0	46	355	0
Precinct 7709 - Election Day	41	24	383	85	1	0	19	65	0
Precinct 7709 - Vote By Mail	66	79	383	174	0	0	29	145	0
Precinct 7711 - Election Day	57	69	772	162	0	0	36	126	0
Precinct 7711 - Vote By Mail	83	208	772	344	0	0	51	293	2
Precinct 7712 - Election Day	54	52	524	131	0	0	24	107	1
Precinct 7712 - Vote By Mail	75	122	524	230	-1	0	32	199	2
Precinct 7801 - Election Day	66	110	970	230	1	0	53	176	0
Precinct 7801 - Vote By Mail	89	273	970	424	-2	1	62	363	1
Precinct 7802 - Election Day	50	106	762	205	-1	0	50	156	0
Precinct 7802 - Vote By Mail	75	167	762	313	2	0	69	242	0
Precinct 7803 - Election Day	52	59	823	143	0	0	32	111	0
Precinct 7803 - Vote By Mail	91	255	823	412	-1	0	67	346	0
Precinct 7804 - Election Day	73	124	891	236	0	0	36	200	3
Precinct 7804 - Vote By Mail	79	247	891	394	0	1	66	327	1
Precinct 7805 - Election Day	76	76	785	176	1	0	23	152	0
Precinct 7805 - Vote By Mail	93	186	785	348	-1	0	69	280	1
Precinct 7806 - Election Day	67	60	699	163	0	0	36	127	0
Precinct 7806 - Vote By Mail	76	156	699	283	3	0	48	232	0
Precinct 7807 - Election Day	85	104	796	228	2	0	37	189	0
Precinct 7807 - Vote By Mail	86	132	796	273	0	0	53	220	2
Precinct 7808 - Election Day	55	94	655	178	0	0	28	150	1
Precinct 7808 - Vote By Mail	88	111	655	243	0	0	44	199	0
Precinct 7809 - Election Day	75	58	742	160	-1	1	27	133	0
Precinct 7809 - Vote By Mail	86	139	742	267	0	0	42	225	0
Precinct 7811 - Election Day	82	75	726	186	-1	0	30	157	0
Precinct 7811 - Vote By Mail	88	114	726	243	1	0	40	202	0
Precinct 7812 - Election Day	71	93	843	207	0	0	43	164	0
Precinct 7812 - Vote By Mail	84	160	843	292	-2	1	44	249	5
Precinct 7813 - Election Day	87	104	988	251	-1	0	59	193	2
Precinct 7813 - Vote By Mail	127	169	988	362	1	0	64	297	1
Precinct 7814 - Election Day	81	55	892	173	-1	0	37	137	1
Precinct 7814 - Vote By Mail	84	108	892	223	1	1	27	194	2
Precinct 7815 - Election Day	61	79	914	178	-1	0	39	140	0
Precinct 7815 - Vote By Mail	102	238	914	407	0	0	67	340	0
Precinct 7816 - Election Day	65	104	858	202	1	0	31	170	1
Precinct 7816 - Vote By Mail	78	242	858	390	0	0	70	320	0
Precinct 7817 - Election Day	75	103	795	215	-1	0	38	178	0
Precinct 7817 - Vote By Mail	109	156	795	309	2	0	42	265	0
Precinct 7818 - Election Day	56	79	823	172	0	0	36	136	1
Precinct 7818 - Vote By Mail	108	170	823	335	0	0	57	278	0
Precinct 7819 - Election Day	71	66	760	169	0	0	32	137	0
Precinct 7819 - Vote By Mail	106	143	760	297	1	0	47	249	0
Precinct 7821 - Election Day	76	100	947	229	0	0	53	176	0
Precinct 7821 - Vote By Mail	121	251	947	439	0	0	67	372	0
Precinct 7822 - Election Day	93	105	927	244	0	0	46	198	0
Precinct 7822 - Vote By Mail	102	193	927	343	1	0	47	295	0
Precinct 7823 - Election Day	101	101	857	237	0	0	34	203	1
Precinct 7823 - Vote By Mail	111	178	857	347	1	0	57	289	0
Precinct 7824 - Election Day	62	75	756	170	0	0	31	139	2
Precinct 7824 - Vote By Mail	87	141	756	274	3	0	43	228	0
Precinct 7825 - Election Day	51	72	580	160	-1	1	37	123	0
Precinct 7825 - Vote By Mail	75	105	580	215	0	0	35	180	0
Precinct 7826 - Election Day	83	85	665	214	0	0	45	169	1
Precinct 7826 - Vote By Mail	76	86	665	194	-2	0	34	162	0
Precinct 7827 - Election Day	101	63	828	199	0	0	35	164	0
Precinct 7827 - Vote By Mail	112	102	828	252	0	0	37	215	1
Precinct 7828 - Election Day	65	96	976	205	2	0	42	161	0
Precinct 7828 - Vote By Mail	102	223	976	397	-1	0	70	328	3
Precinct 7829 - Election Day	62	101	882	199	0	0	36	163	0
Precinct 7829 - Vote By Mail	74	247	882	391	-1	0	71	321	0
Precinct 7831 - Election Day	68	102	828	202	1	0	31	170	0
Precinct 7831 - Vote By Mail	75	229	828	369	1	0	64	304	0
Precinct 7832 - Election Day	41	88	781	162	-1	0	31	132	3
Precinct 7832 - Vote By Mail	85	198	781	343	-1	0	60	284	1
Precinct 7833 - Election Day	73	66	745	182	-1	0	44	139	0
Precinct 7833 - Vote By Mail	102	119	745	271	0	0	50	221	0
Precinct 7834 - Election Day	102	79	836	225	-1	0	44	182	1
Precinct 7834 - Vote By Mail	113	130	836	288	-1	0	45	244	1
Precinct 7835 - Election Day	58	79	808	175	0	0	36	139	2
Precinct 7835 - Vote By Mail	85	201	808	338	-1	0	52	287	1
Precinct 7836 - Election Day	61	106	979	199	0	0	30	169	2
Precinct 7836 - Vote By Mail	119	236	979	421	0	0	62	359	4
Precinct 7837 - Election Day	61	132	883	237	1	1	42	193	0
Precinct 7837 - Vote By Mail	64	191	883	339	0	1	83	255	0
Precinct 7838 - Election Day	62	105	891	210	0	0	43	167	0
Precinct 7838 - Vote By Mail	103	246	891	413	1	0	63	349	0
Precinct 7839 - Election Day	36	94	830	172	-2	0	44	130	0
Precinct 7839 - Vote By Mail	89	239	830	389	1	0	60	328	0
Precinct 7841 - Election Day	84	101	898	240	0	0	54	186	1
Precinct 7841 - Vote By Mail	101	180	898	353	0	0	69	284	3
Precinct 7842 - Election Day	88	98	873	214	0	0	28	186	0
Precinct 7842 - Vote By Mail	111	147	873	308	2	0	48	258	0
Precinct 7843 - Election Day	77	73	751	182	-1	0	32	151	1
Precinct 7843 - Vote By Mail	96	123	751	267	0	0	48	219	0
Precinct 7844 - Election Day	75	54	635	160	1	0	30	129	0
Precinct 7844 - Vote By Mail	106	103	635	245	-1	0	36	210	1
Precinct 7845 - Election Day	42	115	803	202	-1	0	45	158	1
Precinct 7845 - Vote By Mail	68	188	803	314	-1	0	59	256	0
Precinct 7846 - Election Day	49	120	871	221	-1	0	51	171	2
Precinct 7846 - Vote By Mail	62	203	871	330	3	0	61	266	1
Precinct 7847 - Election Day	64	103	878	207	0	0	40	167	0
Precinct 7847 - Vote By Mail	104	199	878	358	-2	0	57	303	0
Precinct 7848 - Election Day	61	108	838	209	-2	0	41	170	1
Precinct 7848 - Vote By Mail	87	209	838	346	-2	1	50	297	1
Precinct 7849 - Election Day	91	95	904	237	-1	0	52	186	0
Precinct 7849 - Vote By Mail	108	183	904	353	0	1	61	291	0
Precinct 7851 - Election Day	19	68	493	118	0	0	31	87	0
Precinct 7851 - Vote By Mail	35	143	493	204	0	0	26	178	0
Precinct 7852 - Election Day	26	58	634	104	0	0	20	84	0
Precinct 7852 - Vote By Mail	71	189	634	303	0	0	43	260	0
Precinct 7853 - Election Day	41	98	837	180	0	0	39	141	2
Precinct 7853 - Vote By Mail	72	218	837	333	0	0	43	290	0
Precinct 7854 - Election Day	75	93	874	216	0	0	47	169	1
Precinct 7854 - Vote By Mail	84	200	874	346	0	0	62	284	0
Precinct 7855 - Election Day	80	138	949	259	0	0	41	218	0
Precinct 7855 - Vote By Mail	86	199	949	359	-2	1	75	285	0
Precinct 7856 - Election Day	60	105	790	204	1	0	37	166	1
Precinct 7856 - Vote By Mail	82	178	790	312	-1	0	51	262	2
Precinct 7857 - Election Day	84	86	913	226	0	0	54	172	2
Precinct 7857 - Vote By Mail	115	161	913	350	0	0	74	276	0
Precinct 7858 - Election Day	84	67	743	192	0	0	41	151	0
Precinct 7858 - Vote By Mail	105	119	743	252	1	0	27	224	0
Precinct 7859 - Election Day	68	111	879	219	0	0	39	180	1
Precinct 7859 - Vote By Mail	77	214	879	352	0	0	61	291	0
Precinct 7861 - Election Day	69	84	835	184	0	0	30	154	1
Precinct 7861 - Vote By Mail	92	218	835	367	0	0	55	312	2
Precinct 7862 - Election Day	73	117	850	237	0	0	47	190	0
Precinct 7862 - Vote By Mail	78	194	850	323	-1	0	51	273	1
Precinct 7863 - Election Day	89	105	870	237	0	0	41	196	2
Precinct 7863 - Vote By Mail	101	150	870	302	0	0	50	252	1
Precinct 7864 - Election Day	77	80	773	188	0	0	31	157	0
Precinct 7864 - Vote By Mail	87	147	773	284	-2	0	50	236	2
Precinct 7865 - Election Day	77	64	808	178	0	0	37	141	0
Precinct 7865 - Vote By Mail	109	146	808	310	0	0	55	255	0
Precinct 7866 - Election Day	49	100	816	184	0	0	35	149	0
Precinct 7866 - Vote By Mail	62	275	816	389	0	1	51	337	0
Precinct 7867 - Election Day	56	93	932	209	0	0	57	152	3
Precinct 7867 - Vote By Mail	106	219	932	385	3	1	54	327	2
Precinct 7868 - Election Day	73	109	860	218	0	0	34	184	2
Precinct 7868 - Vote By Mail	66	212	860	324	1	0	44	279	1
Precinct 7869 - Election Day	66	110	842	219	1	0	42	176	0
Precinct 7869 - Vote By Mail	100	211	842	376	-1	0	65	312	1
Precinct 7871 - Election Day	74	117	882	240	-3	1	51	191	0
Precinct 7871 - Vote By Mail	89	221	882	364	1	0	49	314	4
Precinct 7872 - Election Day	64	111	864	242	0	0	67	175	0
Precinct 7872 - Vote By Mail	95	195	864	369	0	0	79	290	0
Precinct 7873 - Election Day	85	106	841	231	0	0	39	192	1
Precinct 7873 - Vote By Mail	102	233	841	387	0	0	51	336	1
Precinct 7874 - Election Day	32	39	453	85	0	0	14	71	0
Precinct 7874 - Vote By Mail	47	101	453	174	1	0	24	149	1
Precinct 7875 - Election Day	54	48	615	127	0	0	24	103	1
Precinct 7875 - Vote By Mail	73	94	615	203	-2	0	38	167	0
Precinct 7876 - Election Day	37	41	491	101	0	0	22	79	1
Precinct 7876 - Vote By Mail	44	68	491	148	-1	0	37	112	0
Precinct 7901 - Election Day	31	25	466	87	-1	0	30	58	2
Precinct 7901 - Vote By Mail	54	52	466	133	0	0	27	106	0
Precinct 7902 - Election Day	95	59	921	188	0	0	31	157	3
Precinct 7902 - Vote By Mail	103	106	921	259	0	0	48	211	2
Precinct 7903 - Election Day	65	39	819	144	0	1	37	106	2
Precinct 7903 - Vote By Mail	108	98	819	244	0	0	37	207	1
Precinct 7904 - Election Day	72	43	846	137	0	0	21	116	1
Precinct 7904 - Vote By Mail	93	118	846	248	-1	0	38	211	0
Precinct 7905 - Election Day	95	66	821	199	1	0	36	162	1
Precinct 7905 - Vote By Mail	99	135	821	275	3	1	37	234	0
Precinct 7906 - Election Day	76	47	769	164	1	0	40	123	0
Precinct 7906 - Vote By Mail	72	96	769	214	-1	0	47	168	0
Precinct 7907 - Election Day	109	57	926	201	2	0	32	167	1
Precinct 7907 - Vote By Mail	115	125	926	286	1	0	44	241	1
Precinct 7908 - Election Day	96	68	936	191	0	0	25	166	2
Precinct 7908 - Vote By Mail	115	117	936	267	0	0	33	234	2
Precinct 7909 - Election Day	105	55	726	190	0	0	27	163	3
Precinct 7909 - Vote By Mail	99	82	726	221	0	0	40	181	0
Precinct 7911 - Election Day	93	63	849	192	0	0	36	156	0
Precinct 7911 - Vote By Mail	96	115	849	250	1	0	36	213	2
Precinct 7912 - Election Day	109	56	1,036	215	2	0	46	167	2
Precinct 7912 - Vote By Mail	121	134	1,036	314	4	0	54	256	1
Precinct 7913 - Election Day	122	76	887	240	0	0	40	200	2
Precinct 7913 - Vote By Mail	119	91	887	244	-1	1	34	210	0
Precinct 7914 - Election Day	106	63	833	208	0	0	39	169	0
Precinct 7914 - Vote By Mail	113	96	833	253	1	2	38	212	3
Precinct 7915 - Election Day	106	59	802	213	0	0	47	166	1
Precinct 7915 - Vote By Mail	103	84	802	222	1	1	33	187	0
Precinct 7916 - Election Day	115	63	887	215	0	0	36	179	1
Precinct 7916 - Vote By Mail	124	126	887	289	0	0	38	251	1
Precinct 7917 - Election Day	141	60	983	254	-1	0	52	203	2
Precinct 7917 - Vote By Mail	140	102	983	287	0	1	42	244	2
Precinct 7918 - Election Day	95	57	790	191	0	0	39	152	0
Precinct 7918 - Vote By Mail	99	102	790	234	-1	0	34	201	0
Precinct 7919 - Election Day	102	75	857	217	0	0	39	178	1
Precinct 7919 - Vote By Mail	109	95	857	241	0	0	37	204	0
Precinct 7921 - Election Day	79	42	883	151	-1	0	28	124	3
Precinct 7921 - Vote By Mail	85	94	883	210	0	1	30	179	0
Precinct 7922 - Election Day	101	46	797	182	1	0	33	148	1
Precinct 7922 - Vote By Mail	98	111	797	241	1	0	30	210	1
Precinct 7923 - Election Day	111	55	863	202	0	0	34	168	2
Precinct 7923 - Vote By Mail	119	82	863	241	0	0	39	202	1
Precinct 7924 - Election Day	89	49	806	172	1	0	29	142	4
Precinct 7924 - Vote By Mail	114	102	806	247	0	0	29	218	2
Precinct 7925 - Election Day	71	24	570	114	0	0	19	95	0
Precinct 7925 - Vote By Mail	86	79	570	191	0	0	26	165	0
Precinct 7926 - Election Day	91	58	768	177	0	0	27	150	1
Precinct 7926 - Vote By Mail	117	129	768	296	0	0	48	248	2
Precinct 7927 - Election Day	94	53	733	187	0	0	37	150	3
Precinct 7927 - Vote By Mail	113	134	733	289	-1	0	43	247	0
Precinct 7928 - Election Day	107	103	899	253	-1	0	43	211	1
Precinct 7928 - Vote By Mail	119	140	899	297	2	1	35	259	0
Precinct 7929 - Election Day	84	76	840	200	-1	0	40	161	1
Precinct 7929 - Vote By Mail	143	171	840	367	2	1	50	314	0
Precinct 7931 - Election Day	67	78	732	189	0	0	44	145	0
Precinct 7931 - Vote By Mail	106	155	732	317	-1	0	55	263	2
Precinct 7932 - Election Day	49	47	551	112	0	0	15	97	1
Precinct 7932 - Vote By Mail	71	113	551	225	0	0	41	184	0
Precinct 7933 MB - Vote By Mail	1	3	8	4	0	0	0	4	0
Precinct 7934 - Election Day	101	50	885	195	-4	0	47	152	1
Precinct 7934 - Vote By Mail	139	136	885	328	2	0	49	277	2
Precinct 7935 - Election Day	121	104	938	283	0	0	55	228	3
Precinct 7935 - Vote By Mail	140	171	938	370	2	0	57	311	0
Precinct 7936 - Election Day	123	72	832	246	-1	0	52	195	0
Precinct 7936 - Vote By Mail	142	136	832	326	1	1	44	280	2
Precinct 7937 - Election Day	103	82	874	223	0	0	38	185	0
Precinct 7937 - Vote By Mail	118	150	874	309	0	0	40	269	1
Precinct 7938 - Election Day	80	46	774	162	0	0	35	127	1
Precinct 7938 - Vote By Mail	104	114	774	247	0	0	28	219	1
Precinct 7939 - Election Day	86	61	667	186	2	0	35	149	2
Precinct 7939 - Vote By Mail	92	93	667	230	1	0	43	186	1
Precinct 7941 - Election Day	66	66	728	167	1	1	30	135	3
Precinct 7941 - Vote By Mail	103	96	728	236	1	0	36	199	0
Precinct 7942 - Election Day	71	54	893	166	1	0	39	126	1
Precinct 7942 - Vote By Mail	104	128	893	286	-1	0	53	234	2
Precinct 7943 - Election Day	84	79	887	192	0	0	29	163	0
Precinct 7943 - Vote By Mail	115	156	887	319	2	0	45	272	1
Precinct 7944 - Election Day	92	76	769	201	-1	0	33	169	1
Precinct 7944 - Vote By Mail	90	106	769	235	0	1	37	197	1
Precinct 7945 - Election Day	59	42	897	118	0	0	16	102	1
Precinct 7945 - Vote By Mail	128	122	897	294	3	0	40	251	1
Precinct 7946 - Election Day	60	48	909	134	1	0	23	110	2
Precinct 7946 - Vote By Mail	79	205	909	348	3	1	57	287	3
Precinct 7947 - Election Day	45	61	894	128	-1	0	23	106	0
Precinct 7947 - Vote By Mail	67	198	894	327	-1	0	61	267	2
Precinct 7948 - Election Day	70	62	900	165	0	0	32	133	1
Precinct 7948 - Vote By Mail	78	186	900	313	-2	0	49	266	2
Precinct 7949 - Election Day	22	39	552	78	3	0	14	61	0
Precinct 7949 - Vote By Mail	39	150	552	224	0	0	35	189	0
Precinct 7951 - Election Day	29	51	830	97	0	0	17	80	0
Precinct 7951 - Vote By Mail	71	214	830	341	0	0	54	287	2
Precinct 7952 - Election Day	37	42	823	100	0	0	20	80	1
Precinct 7952 - Vote By Mail	76	175	823	288	-1	0	37	252	1
Precinct 7953 - Election Day	39	46	795	103	-2	0	20	85	0
Precinct 7953 - Vote By Mail	72	177	795	294	0	0	44	250	1
Precinct 7955 - Election Day	45	51	854	116	0	0	20	96	0
Precinct 7955 - Vote By Mail	80	183	854	320	0	0	57	263	0
Precinct 7956 - Election Day	30	35	779	101	0	0	36	65	0
Precinct 7956 - Vote By Mail	62	154	779	247	3	0	28	216	0
Precinct 7957 - Election Day	36	34	623	97	1	0	23	73	3
Precinct 7957 - Vote By Mail	64	108	623	217	0	0	44	173	1
Precinct 7958 MB - Vote By Mail	28	55	263	104	0	0	20	84	1
Precinct 7959 - Election Day	55	33	695	110	0	0	19	91	3
Precinct 7959 - Vote By Mail	62	97	695	190	0	0	30	160	1
Precinct 9001 MB - Vote By Mail	24	64	257	101	2	0	10	89	1
Precinct 9101 - Election Day	64	81	833	190	0	0	45	145	0
Precinct 9101 - Vote By Mail	77	195	833	323	0	0	50	273	1
Precinct 9102 - Election Day	48	91	950	182	-1	0	44	139	0
Precinct 9102 - Vote By Mail	82	200	950	335	4	0	49	282	0
Precinct 9103 - Election Day	48	89	924	174	0	1	35	138	1
Precinct 9103 - Vote By Mail	70	176	924	302	0	0	51	251	5
Precinct 9104 - Election Day	75	61	937	176	0	0	37	139	3
Precinct 9104 - Vote By Mail	83	194	937	332	0	2	53	277	0
Precinct 9105 - Election Day	47	96	888	191	1	0	47	143	0
Precinct 9105 - Vote By Mail	94	194	888	339	-1	0	50	290	2
Precinct 9106 - Election Day	59	110	907	213	1	0	43	169	0
Precinct 9106 - Vote By Mail	74	196	907	334	4	0	59	271	1
Precinct 9107 - Election Day	52	80	806	164	0	0	32	132	0
Precinct 9107 - Vote By Mail	81	116	806	246	1	0	47	198	1
Precinct 9108 - Election Day	88	63	761	185	-1	0	34	152	1
Precinct 9108 - Vote By Mail	56	126	761	220	-1	0	39	182	0
Precinct 9109 - Election Day	59	94	848	205	-1	0	51	155	2
Precinct 9109 - Vote By Mail	73	163	848	285	4	0	45	236	0
Precinct 9111 - Election Day	50	69	756	150	0	0	31	119	0
Precinct 9111 - Vote By Mail	71	120	756	226	-1	0	36	191	0
Precinct 9112 - Election Day	72	103	918	211	0	0	35	176	1
Precinct 9112 - Vote By Mail	78	163	918	295	0	0	53	242	1
Precinct 9113 - Election Day	75	102	959	231	0	0	51	180	3
Precinct 9113 - Vote By Mail	77	206	959	351	1	0	67	283	0
Precinct 9114 - Election Day	50	74	820	170	0	0	45	125	1
Precinct 9114 - Vote By Mail	90	130	820	273	1	0	52	220	0
Precinct 9115 - Election Day	66	76	873	172	0	0	30	142	0
Precinct 9115 - Vote By Mail	106	141	873	287	2	0	38	247	0
Precinct 9116 - Election Day	86	70	903	193	2	0	31	160	4
Precinct 9116 - Vote By Mail	110	144	903	314	4	0	55	255	1
Precinct 9117 - Election Day	52	92	756	180	2	0	34	144	0
Precinct 9117 - Vote By Mail	69	172	756	285	1	0	43	241	0
Precinct 9118 - Election Day	51	85	923	184	0	0	47	137	1
Precinct 9118 - Vote By Mail	72	155	923	268	0	0	41	227	0
Precinct 9119 - Election Day	43	70	856	152	-2	0	41	113	0
Precinct 9119 - Vote By Mail	91	192	856	323	0	0	40	283	0
Precinct 9121 - Election Day	55	93	890	188	0	0	39	149	1
Precinct 9121 - Vote By Mail	64	171	890	274	0	0	38	236	1
Precinct 9122 - Election Day	46	59	913	131	0	0	25	106	1
Precinct 9122 - Vote By Mail	70	167	913	292	1	0	54	237	0
Precinct 9123 - Election Day	67	77	829	175	0	0	31	144	0
Precinct 9123 - Vote By Mail	81	148	829	270	1	0	39	230	1
Precinct 9124 - Election Day	45	72	832	150	0	0	33	117	0
Precinct 9124 - Vote By Mail	70	155	832	290	1	1	60	228	3
Precinct 9125 - Election Day	60	63	822	159	1	0	34	124	1
Precinct 9125 - Vote By Mail	71	181	822	299	-3	0	49	253	1
Precinct 9126 - Election Day	58	88	945	186	0	0	39	147	1
Precinct 9126 - Vote By Mail	82	206	945	350	0	0	62	288	0
Precinct 9127 - Election Day	55	110	908	209	0	0	44	165	0
Precinct 9127 - Vote By Mail	84	183	908	315	-1	0	49	267	0
Precinct 9128 - Election Day	69	87	805	188	0	0	32	156	0
Precinct 9128 - Vote By Mail	63	178	805	296	0	0	55	241	0
Precinct 9129 - Election Day	51	87	713	173	0	0	35	138	0
Precinct 9129 - Vote By Mail	58	125	713	225	3	0	38	184	1
Precinct 9131 - Election Day	58	65	740	151	0	0	26	125	2
Precinct 9131 - Vote By Mail	82	150	740	274	2	1	38	233	1
Precinct 9132 - Election Day	66	61	827	167	0	0	38	129	2
Precinct 9132 - Vote By Mail	76	129	827	251	0	0	44	207	2
Precinct 9133 - Election Day	62	92	1,007	188	0	0	34	154	0
Precinct 9133 - Vote By Mail	117	202	1,007	388	1	0	68	319	0
Precinct 9134 - Election Day	52	51	893	132	0	0	28	104	1
Precinct 9134 - Vote By Mail	91	156	893	297	3	0	47	247	0
Precinct 9135 - Election Day	62	50	778	149	0	0	35	114	2
Precinct 9135 - Vote By Mail	83	139	778	269	1	0	46	222	0
Precinct 9136 - Election Day	72	82	894	191	0	0	36	155	1
Precinct 9136 - Vote By Mail	89	147	894	289	4	0	49	236	0
Precinct 9137 - Election Day	76	84	946	201	0	0	41	160	0
Precinct 9137 - Vote By Mail	86	172	946	323	3	0	61	259	1
Precinct 9138 - Election Day	40	75	892	155	-1	0	40	116	1
Precinct 9138 - Vote By Mail	66	214	892	323	-2	0	44	281	1
Precinct 9139 - Election Day	48	83	912	163	-1	0	33	131	0
Precinct 9139 - Vote By Mail	82	221	912	356	1	0	51	304	1
Precinct 9141 - Election Day	55	82	904	168	2	0	29	137	0
Precinct 9141 - Vote By Mail	78	203	904	328	-1	0	48	281	0
Precinct 9142 - Election Day	86	96	921	219	1	0	34	184	2
Precinct 9142 - Vote By Mail	94	157	921	288	-1	0	38	251	0
Precinct 9143 - Election Day	67	84	887	196	0	0	44	152	1
Precinct 9143 - Vote By Mail	71	191	887	315	3	0	50	262	0
Precinct 9144 - Election Day	76	94	931	221	1	0	50	170	0
Precinct 9144 - Vote By Mail	68	192	931	322	-2	0	64	260	0
Precinct 9145 - Election Day	63	90	837	197	0	0	44	153	0
Precinct 9145 - Vote By Mail	76	157	837	282	0	0	48	234	1
Precinct 9146 - Election Day	81	82	866	206	0	0	42	164	1
Precinct 9146 - Vote By Mail	96	150	866	297	-1	0	50	248	2
Precinct 9147 - Election Day	92	99	920	227	1	0	34	192	1
Precinct 9147 - Vote By Mail	94	163	920	318	-2	0	63	257	0
Precinct 9148 - Election Day	78	107	946	226	0	0	40	186	1
Precinct 9148 - Vote By Mail	99	177	946	322	3	0	43	276	0
Precinct 9149 - Election Day	81	77	884	196	0	0	37	159	1
Precinct 9149 - Vote By Mail	94	149	884	296	-1	0	51	246	3
Precinct 9151 - Election Day	43	75	806	152	-1	0	35	118	0
Precinct 9151 - Vote By Mail	54	160	806	267	-1	0	54	214	0
Precinct 9152 - Election Day	27	25	712	67	1	0	14	52	0
Precinct 9152 - Vote By Mail	52	65	712	138	1	0	19	118	1
Precinct 9201 - Election Day	80	85	953	201	0	0	36	165	0
Precinct 9201 - Vote By Mail	68	115	953	229	2	0	44	183	0
Precinct 9202 - Election Day	56	94	908	184	-1	0	35	150	0
Precinct 9202 - Vote By Mail	66	108	908	218	0	0	44	174	0
Precinct 9203 - Election Day	32	76	968	145	0	0	36	109	1
Precinct 9203 - Vote By Mail	49	187	968	300	4	0	60	236	0
Precinct 9204 - Election Day	32	70	809	147	0	0	44	103	1
Precinct 9204 - Vote By Mail	34	144	809	223	-3	0	48	178	0
Precinct 9205 - Election Day	24	57	694	113	0	0	32	81	0
Precinct 9205 - Vote By Mail	40	109	694	201	2	0	50	149	0
Precinct 9206 - Election Day	31	77	887	135	-1	0	28	108	0
Precinct 9206 - Vote By Mail	61	182	887	294	0	0	51	243	0
Precinct 9207 - Election Day	21	90	913	148	0	0	37	111	0
Precinct 9207 - Vote By Mail	38	159	913	249	1	0	50	198	1
Precinct 9208 - Election Day	30	78	936	147	0	0	38	109	1
Precinct 9208 - Vote By Mail	49	135	936	240	-1	0	57	184	0
Precinct 9209 - Election Day	22	69	675	121	-1	0	31	91	0
Precinct 9209 - Vote By Mail	23	116	675	188	0	0	46	142	3
Precinct 9211 - Election Day	31	66	834	130	0	0	33	97	0
Precinct 9211 - Vote By Mail	37	126	834	212	1	0	48	163	0
Precinct 9212 - Election Day	33	57	764	121	0	0	31	90	0
Precinct 9212 - Vote By Mail	50	106	764	205	3	0	45	157	1
Precinct 9213 - Election Day	38	72	890	140	0	0	30	110	0
Precinct 9213 - Vote By Mail	56	143	890	260	2	0	59	199	0
Precinct 9214 - Election Day	18	40	581	92	0	0	34	58	0
Precinct 9214 - Vote By Mail	33	121	581	203	2	0	46	155	1
Precinct 9215 - Election Day	18	70	626	130	0	0	42	88	0
Precinct 9215 - Vote By Mail	22	119	626	170	-1	0	30	141	0
Precinct 9216 - Election Day	24	78	798	134	-1	0	33	102	0
Precinct 9216 - Vote By Mail	37	116	798	206	0	0	53	153	0
Precinct 9217 - Election Day	23	69	684	123	0	1	30	92	0
Precinct 9217 - Vote By Mail	34	111	684	187	3	0	39	145	0
Precinct 9218 - Election Day	26	62	797	119	0	1	29	89	1
Precinct 9218 - Vote By Mail	42	121	797	225	2	0	60	163	0
Precinct 9219 - Election Day	36	71	733	146	0	1	36	109	2
Precinct 9219 - Vote By Mail	40	112	733	187	0	0	35	152	0
Precinct 9221 - Election Day	12	76	641	121	0	0	32	89	1
Precinct 9221 - Vote By Mail	31	200	641	278	1	0	46	231	0
Precinct 9222 - Election Day	16	88	842	139	-1	1	34	105	1
Precinct 9222 - Vote By Mail	29	180	842	268	3	0	56	209	0
Precinct 9223 - Election Day	15	55	606	88	1	0	17	70	0
Precinct 9223 - Vote By Mail	26	132	606	202	1	0	43	158	0
Precinct 9224 - Election Day	41	85	912	171	6	0	39	126	0
Precinct 9224 - Vote By Mail	50	181	912	308	7	0	69	232	1
Precinct 9225 - Election Day	31	98	898	161	0	0	32	129	0
Precinct 9225 - Vote By Mail	55	137	898	243	0	0	51	192	0
Precinct 9226 - Election Day	33	76	905	143	-1	0	34	110	1
Precinct 9226 - Vote By Mail	59	175	905	312	0	0	76	236	2
Precinct 9227 - Election Day	24	86	729	140	0	0	29	111	1
Precinct 9227 - Vote By Mail	31	218	729	304	-1	0	56	249	0
Precinct 9228 - Election Day	30	101	726	175	3	0	41	131	0
Precinct 9228 - Vote By Mail	37	182	726	277	4	0	54	219	0
Precinct 9229 - Election Day	25	75	596	130	-1	0	31	100	0
Precinct 9229 - Vote By Mail	33	152	596	219	-1	0	35	185	0
Precinct 9231 - Election Day	54	131	919	221	-2	0	37	186	1
Precinct 9231 - Vote By Mail	65	179	919	294	-2	0	52	244	0
Precinct 9232 - Election Day	36	77	701	151	0	0	38	113	0
Precinct 9232 - Vote By Mail	41	173	701	274	1	0	58	215	1
Precinct 9233 - Election Day	22	73	774	139	0	0	44	95	0
Precinct 9233 - Vote By Mail	43	201	774	308	2	0	62	244	0
Precinct 9234 - Election Day	21	77	731	131	-1	0	34	98	0
Precinct 9234 - Vote By Mail	37	182	731	281	3	1	58	219	0
Precinct 9235 - Election Day	31	97	842	174	1	0	45	128	0
Precinct 9235 - Vote By Mail	44	190	842	298	-1	1	63	235	1
Precinct 9236 - Election Day	16	77	658	130	0	0	37	93	0
Precinct 9236 - Vote By Mail	23	136	658	207	3	0	45	159	0
Precinct 9237 - Election Day	33	76	880	145	0	0	35	110	1
Precinct 9237 - Vote By Mail	49	194	880	331	-1	0	87	245	2
Precinct 9238 - Election Day	25	74	792	130	0	0	31	99	0
Precinct 9238 - Vote By Mail	31	184	792	271	-1	0	57	215	0
Precinct 9239 - Election Day	17	69	835	117	0	0	29	88	2
Precinct 9239 - Vote By Mail	47	209	835	318	0	0	62	256	0
Precinct 9241 - Election Day	35	91	961	158	1	0	29	128	2
Precinct 9241 - Vote By Mail	54	215	961	322	2	0	50	270	1
Precinct 9242 - Election Day	29	73	940	154	0	0	52	102	0
Precinct 9242 - Vote By Mail	64	173	940	300	3	2	57	238	1
Precinct 9243 - Election Day	26	73	572	135	0	0	35	100	1
Precinct 9243 - Vote By Mail	41	110	572	188	1	0	36	151	0
Precinct 9244 - Election Day	31	80	880	149	1	0	35	113	2
Precinct 9244 - Vote By Mail	55	151	880	269	-1	0	64	206	0
Precinct 9245 - Election Day	25	66	706	128	0	0	36	92	1
Precinct 9245 - Vote By Mail	37	137	706	226	2	0	49	175	1
Precinct 9246 - Election Day	26	75	910	139	0	0	38	101	0
Precinct 9246 - Vote By Mail	64	156	910	299	-1	0	79	221	1
Precinct 9247 - Election Day	48	73	936	151	-1	0	30	122	1
Precinct 9247 - Vote By Mail	83	162	936	303	1	1	56	245	0
Precinct 9248 - Election Day	48	86	898	181	0	0	47	134	0
Precinct 9248 - Vote By Mail	52	159	898	282	6	0	65	211	0
Precinct 9249 - Election Day	47	92	910	187	1	0	47	139	0
Precinct 9249 - Vote By Mail	53	196	910	314	3	0	61	250	1
Precinct 9251 - Election Day	52	108	946	204	0	0	44	160	0
Precinct 9251 - Vote By Mail	68	208	946	342	-1	0	67	276	0
Precinct 9252 - Election Day	44	67	913	140	-1	0	30	111	0
Precinct 9252 - Vote By Mail	67	217	913	352	1	2	63	286	2
Precinct 9253 - Election Day	31	67	751	138	4	0	35	99	1
Precinct 9253 - Vote By Mail	53	157	751	272	0	3	59	210	0
Precinct 9254 - Election Day	51	85	889	168	0	0	31	137	1
Precinct 9254 - Vote By Mail	70	189	889	318	-2	0	61	259	0
Precinct 9255 - Election Day	46	55	545	126	0	0	25	101	0
Precinct 9255 - Vote By Mail	35	70	545	128	1	0	22	105	0
Precinct 9256 - Election Day	24	28	433	77	0	0	25	52	0
Precinct 9256 - Vote By Mail	33	49	433	103	-1	0	22	82	0
Precinct 9257 MB - Vote By Mail	58	69	312	150	-1	0	23	128	1
Precinct 9258 - Election Day	35	68	699	127	0	0	24	103	0
Precinct 9258 - Vote By Mail	65	144	699	244	-2	0	37	209	0
Precinct 9401 - Election Day	81	73	970	194	-1	0	38	157	3
Precinct 9401 - Vote By Mail	107	138	970	293	-2	0	49	246	1
Precinct 9402 - Election Day	58	97	931	197	0	0	42	155	0
Precinct 9402 - Vote By Mail	82	168	931	307	1	0	56	250	0
Precinct 9403 - Election Day	73	59	853	167	0	1	33	133	1
Precinct 9403 - Vote By Mail	80	159	853	286	2	0	44	240	1
Precinct 9404 - Election Day	57	66	889	153	0	0	30	123	0
Precinct 9404 - Vote By Mail	73	187	889	320	3	0	57	260	0
Precinct 9405 - Election Day	40	83	757	160	-1	0	38	123	0
Precinct 9405 - Vote By Mail	51	153	757	245	1	0	39	205	1
Precinct 9406 - Election Day	48	99	815	179	0	0	32	147	0
Precinct 9406 - Vote By Mail	72	156	815	277	1	0	48	228	0
Precinct 9407 - Election Day	52	93	861	191	1	0	44	146	1
Precinct 9407 - Vote By Mail	88	155	861	284	-1	0	42	243	0
Precinct 9408 - Election Day	67	77	837	187	1	0	41	145	1
Precinct 9408 - Vote By Mail	83	126	837	246	-2	0	39	209	0
Precinct 9409 - Election Day	60	62	565	140	0	0	18	122	0
Precinct 9409 - Vote By Mail	40	102	565	170	2	0	26	142	0
Precinct 9411 - Election Day	75	67	936	175	-1	0	33	143	1
Precinct 9411 - Vote By Mail	91	133	936	261	1	0	36	224	0
Precinct 9412 - Election Day	65	68	843	164	0	0	27	137	4
Precinct 9412 - Vote By Mail	72	151	843	285	0	0	59	226	3
Precinct 9413 - Election Day	49	86	858	172	-1	0	38	135	0
Precinct 9413 - Vote By Mail	64	168	858	310	3	0	75	232	0
Precinct 9414 - Election Day	36	69	862	159	1	0	52	106	1
Precinct 9414 - Vote By Mail	69	186	862	307	1	0	50	256	1
Precinct 9415 - Election Day	32	67	755	121	0	0	22	99	0
Precinct 9415 - Vote By Mail	52	186	755	284	-2	0	47	239	1
Precinct 9416 - Election Day	59	96	962	198	0	0	42	156	1
Precinct 9416 - Vote By Mail	73	185	962	316	3	0	55	258	0
Precinct 9417 - Election Day	39	55	714	117	-1	0	24	94	0
Precinct 9417 - Vote By Mail	55	174	714	286	8	0	48	230	1
Precinct 9418 - Election Day	41	79	753	157	1	0	36	120	0
Precinct 9418 - Vote By Mail	38	167	753	269	0	0	62	207	2
Precinct 9419 - Election Day	51	72	893	167	0	0	44	123	0
Precinct 9419 - Vote By Mail	69	208	893	326	1	0	48	277	0
Precinct 9421 - Election Day	42	68	878	150	-1	0	40	111	1
Precinct 9421 - Vote By Mail	61	196	878	316	-1	0	59	258	1
Precinct 9422 - Election Day	56	91	1,010	200	-1	0	54	147	0
Precinct 9422 - Vote By Mail	67	226	1,010	358	0	0	63	295	2
Precinct 9423 - Election Day	51	66	853	147	0	0	30	117	0
Precinct 9423 - Vote By Mail	69	176	853	292	-1	0	46	247	2
Precinct 9424 - Election Day	52	67	910	146	1	0	26	119	0
Precinct 9424 - Vote By Mail	64	220	910	331	-1	0	46	286	2
Precinct 9425 - Election Day	29	71	903	136	1	0	35	100	0
Precinct 9425 - Vote By Mail	49	201	903	313	3	0	60	250	0
Precinct 9426 - Election Day	36	76	801	143	-1	0	31	113	1
Precinct 9426 - Vote By Mail	44	173	801	283	1	0	65	217	0
Precinct 9427 - Election Day	22	81	889	129	-1	0	25	105	2
Precinct 9427 - Vote By Mail	62	206	889	333	1	1	63	268	0
Precinct 9428 - Election Day	37	55	892	122	-1	0	29	94	2
Precinct 9428 - Vote By Mail	68	225	892	346	-1	0	52	295	2
Precinct 9429 - Election Day	38	95	866	173	0	0	39	134	1
Precinct 9429 - Vote By Mail	54	219	866	308	0	0	34	274	1
Precinct 9431 - Election Day	38	85	954	152	-1	0	29	124	1
Precinct 9431 - Vote By Mail	49	246	954	352	4	0	51	297	2
Precinct 9432 - Election Day	41	85	901	155	0	1	28	126	0
Precinct 9432 - Vote By Mail	47	199	901	307	0	0	58	249	3
Precinct 9433 - Election Day	37	81	912	155	0	0	34	121	3
Precinct 9433 - Vote By Mail	56	192	912	317	-2	1	70	248	0
Precinct 9434 - Election Day	39	92	963	188	0	0	55	133	2
Precinct 9434 - Vote By Mail	70	242	963	349	-1	0	38	312	0
Precinct 9435 - Election Day	57	96	934	195	0	1	40	154	1
Precinct 9435 - Vote By Mail	67	182	934	320	2	0	69	249	0
Precinct 9436 - Election Day	32	94	941	161	0	0	35	126	0
Precinct 9436 - Vote By Mail	55	222	941	337	0	0	59	278	1
Precinct 9437 - Election Day	37	91	873	170	0	0	41	129	1
Precinct 9437 - Vote By Mail	60	213	873	324	1	0	50	273	0
Precinct 9438 - Election Day	36	68	918	129	1	0	23	105	1
Precinct 9438 - Vote By Mail	62	223	918	336	-1	0	52	285	0
Precinct 9439 - Election Day	30	69	827	126	0	0	26	100	1
Precinct 9439 - Vote By Mail	46	207	827	314	-1	0	61	254	1
Precinct 9441 - Election Day	65	95	939	205	-1	0	43	163	3
Precinct 9441 - Vote By Mail	71	212	939	337	-1	0	54	284	1
Precinct 9442 - Election Day	69	95	970	200	0	0	35	165	1
Precinct 9442 - Vote By Mail	71	191	970	325	0	0	57	268	6
Precinct 9443 - Election Day	52	68	886	138	0	0	17	121	1
Precinct 9443 - Vote By Mail	76	176	886	304	2	0	50	252	0
Precinct 9444 - Election Day	25	63	901	118	-1	0	30	89	1
Precinct 9444 - Vote By Mail	62	186	901	312	-1	0	63	250	2
Precinct 9445 - Election Day	36	91	945	154	0	0	26	128	1
Precinct 9445 - Vote By Mail	75	216	945	342	0	0	50	292	1
Precinct 9446 - Election Day	33	94	1,043	164	2	0	34	128	1
Precinct 9446 - Vote By Mail	76	251	1,043	417	-3	1	92	327	0
Precinct 9447 - Election Day	51	82	891	171	1	0	37	133	0
Precinct 9447 - Vote By Mail	63	206	891	327	1	0	57	269	0
Precinct 9448 - Election Day	49	79	877	159	0	0	30	129	1
Precinct 9448 - Vote By Mail	61	183	877	307	-2	0	64	245	1
Precinct 9449 - Election Day	29	53	784	97	-1	0	16	82	0
Precinct 9449 - Vote By Mail	53	201	784	302	4	0	44	254	0
Precinct 9451 - Election Day	16	34	414	57	0	0	7	50	0
Precinct 9451 - Vote By Mail	24	103	414	154	3	0	23	128	1
Precinct 9452 - Election Day	45	91	799	175	1	0	38	136	0
Precinct 9452 - Vote By Mail	44	177	799	281	0	0	59	222	1
Precinct 9453 - Election Day	18	60	488	90	0	0	12	78	0
Precinct 9453 - Vote By Mail	31	117	488	175	0	0	27	148	0
Precinct 9501 MB - Vote By Mail	17	31	149	71	-2	0	24	49	1
Precinct 9502 MB - Vote By Mail	36	58	233	116	0	0	21	95	1
Precinct 9503/9504 - Election Day	41	57	725	128	-2	0	32	98	0
Precinct 9503/9504 - Vote By Mail	59	82	725	184	0	1	41	142	1
Precinct 9505 - Election Day	38	72	756	147	-2	0	38	111	1
Precinct 9505 - Vote By Mail	91	119	756	274	0	0	62	212	2
Precinct 9506 - Election Day	55	46	771	134	0	0	33	101	0
Precinct 9506 - Vote By Mail	73	109	771	217	1	1	33	182	0
Precinct 9507 - Election Day	65	63	733	170	1	0	40	129	1
Precinct 9507 - Vote By Mail	94	86	733	218	-2	0	40	180	0
Precinct 9508 - Election Day	89	57	784	180	0	0	34	146	0
Precinct 9508 - Vote By Mail	109	111	784	258	3	0	32	223	3
Precinct 9509 - Election Day	76	54	719	165	0	0	35	130	0
Precinct 9509 - Vote By Mail	70	121	719	239	-1	0	49	191	0
Precinct 9511 - Election Day	68	42	600	147	0	0	35	112	2
Precinct 9511 - Vote By Mail	84	65	600	177	2	0	26	149	0
Precinct 9512 - Election Day	80	52	771	161	0	0	29	132	0
Precinct 9512 - Vote By Mail	92	118	771	251	-5	0	45	211	1
Precinct 9513 - Election Day	82	71	864	200	0	0	46	154	1
Precinct 9513 - Vote By Mail	106	107	864	261	5	1	41	214	1
Precinct 9514/9522 - Election Day	82	99	869	229	0	0	48	181	0
Precinct 9514/9522 - Vote By Mail	68	129	869	257	1	1	58	197	0
Precinct 9515 - Election Day	60	68	685	159	0	0	31	128	0
Precinct 9515 - Vote By Mail	73	120	685	243	0	0	50	193	0
Precinct 9516 - Election Day	79	80	864	206	0	0	46	160	1
Precinct 9516 - Vote By Mail	84	143	864	269	1	0	41	227	0
Precinct 9517 - Election Day	73	82	768	197	0	0	41	156	1
Precinct 9517 - Vote By Mail	82	109	768	235	1	1	42	191	0
Precinct 9518 - Election Day	71	70	783	180	1	0	36	143	2
Precinct 9518 - Vote By Mail	88	114	783	242	0	0	40	202	0
Precinct 9519 - Election Day	66	103	850	217	0	0	48	169	0
Precinct 9519 - Vote By Mail	88	164	850	294	-1	0	43	252	0
Precinct 9521 - Election Day	99	107	893	254	0	0	45	209	3
Precinct 9521 - Vote By Mail	83	152	893	290	3	1	51	235	0
Precinct 9701 - Election Day	57	71	665	156	0	0	28	128	0
Precinct 9701 - Vote By Mail	55	135	665	235	0	0	45	190	0
Precinct 9702 - Election Day	83	68	710	194	0	0	42	152	1
Precinct 9702 - Vote By Mail	54	128	710	231	0	0	49	182	0
Precinct 9703 - Election Day	51	97	931	182	1	0	31	150	2
Precinct 9703 - Vote By Mail	81	231	931	373	1	0	59	313	1
Precinct 9704 - Election Day	59	90	942	191	0	0	42	149	0
Precinct 9704 - Vote By Mail	88	202	942	354	-1	0	64	291	1
Precinct 9705 - Election Day	65	105	879	208	1	0	36	171	1
Precinct 9705 - Vote By Mail	78	187	879	309	0	0	44	265	0
Precinct 9706 MB - Vote By Mail	11	14	51	32	0	0	7	25	0
Precinct 9707 - Election Day	27	66	799	121	0	0	25	96	3
Precinct 9707 - Vote By Mail	73	240	799	355	-4	0	46	313	0
Precinct 9708 - Election Day	60	83	919	193	1	0	48	144	1
Precinct 9708 - Vote By Mail	70	165	919	324	2	1	85	236	1
Precinct 9709 - Election Day	52	93	998	196	1	0	48	147	2
Precinct 9709 - Vote By Mail	53	233	998	355	1	0	66	288	2
Precinct 9711 - Election Day	47	83	625	167	0	0	35	132	2
Precinct 9711 - Vote By Mail	42	175	625	254	0	0	34	220	3
Precinct 9712 - Election Day	26	87	651	134	-1	0	21	114	1
Precinct 9712 - Vote By Mail	55	188	651	288	1	0	44	243	0
Precinct 9713 - Election Day	29	93	930	161	0	0	38	123	1
Precinct 9713 - Vote By Mail	76	227	930	362	1	1	57	303	0
Precinct 9714 - Election Day	35	87	911	154	0	0	32	122	0
Precinct 9714 - Vote By Mail	58	248	911	367	2	0	57	308	2
Precinct 9715 - Election Day	30	108	566	162	0	0	22	140	2
Precinct 9715 - Vote By Mail	26	160	566	218	1	0	31	186	0
Precinct 9716 - Election Day	67	82	928	198	-1	0	49	150	1
Precinct 9716 - Vote By Mail	67	248	928	368	4	0	49	315	0
Precinct 9717 - Election Day	57	106	967	206	-1	0	43	164	1
Precinct 9717 - Vote By Mail	82	234	967	371	6	1	48	316	0
Precinct 9718 - Election Day	44	115	843	183	-2	0	26	159	0
Precinct 9718 - Vote By Mail	83	253	843	385	3	0	46	336	0
Precinct 9719 - Election Day	41	109	863	186	0	0	35	151	1
Precinct 9719 - Vote By Mail	66	260	863	389	1	0	60	328	2
Precinct 9721 - Election Day	21	122	653	182	-1	0	38	145	2
Precinct 9721 - Vote By Mail	38	153	653	250	1	0	56	193	2
Precinct 9722 - Election Day	19	46	593	86	0	0	21	65	0
Precinct 9722 - Vote By Mail	53	177	593	269	-3	1	39	232	2
Precinct 9723 - Election Day	16	40	458	74	0	0	18	56	0
Precinct 9723 - Vote By Mail	22	143	458	198	1	0	29	168	3
Precinct 9724 - Election Day	28	85	950	144	0	0	31	113	0
Precinct 9724 - Vote By Mail	54	268	950	386	-1	1	64	322	0
Precinct 9725 - Election Day	28	63	941	118	-1	0	28	91	0
Precinct 9725 - Vote By Mail	64	228	941	350	0	0	56	294	2
Precinct 9726 - Election Day	23	41	685	83	0	0	19	64	0
Precinct 9726 - Vote By Mail	35	71	685	137	0	0	30	107	1
Precinct 9727 - Election Day	15	33	435	60	1	0	11	48	0
Precinct 9727 - Vote By Mail	31	144	435	205	2	0	28	175	0
Precinct 9728 - Election Day	44	125	906	204	0	0	35	169	0
Precinct 9728 - Vote By Mail	59	262	906	378	-2	0	56	324	3
Precinct 9729 - Election Day	21	108	782	161	1	0	31	129	0
Precinct 9729 - Vote By Mail	38	217	782	304	0	0	49	255	0
Precinct 9731 - Election Day	20	87	529	138	0	0	30	108	1
Precinct 9731 - Vote By Mail	32	127	529	189	0	1	29	159	0
Precinct 9732 MB - Vote By Mail	6	28	73	43	1	0	8	34	0
Precinct 9733 MB - Vote By Mail	31	92	224	146	0	0	23	123	0
Precinct 9734 - Election Day	15	89	577	122	0	1	17	104	0
Precinct 9734 - Vote By Mail	38	188	577	261	1	0	34	226	0
Precinct 9735 - Election Day	30	98	782	167	1	0	36	130	2
Precinct 9735 - Vote By Mail	46	246	782	344	0	0	52	292	0
Precinct 9736 - Election Day	40	74	699	145	0	0	29	116	2
Precinct 9736 - Vote By Mail	70	187	699	305	1	0	47	257	0
Precinct 9737 - Election Day	52	88	792	175	-1	0	36	140	0
Precinct 9737 - Vote By Mail	79	219	792	343	-3	0	47	299	1
Precinct 9738 - Election Day	38	39	830	99	0	0	22	77	0
Precinct 9738 - Vote By Mail	82	134	830	263	4	0	42	217	1
Precinct 9739 - Election Day	53	45	826	126	0	1	26	99	1
Precinct 9739 - Vote By Mail	79	74	826	193	-3	1	42	153	0
Precinct 9741 - Election Day	6	10	1,022	19	0	0	3	16	0
Precinct 9741 - Vote By Mail	10	11	1,022	24	0	0	3	21	0
Precinct 9742 - Election Day	21	88	647	134	0	0	25	109	0
Precinct 9742 - Vote By Mail	37	116	647	187	1	0	33	153	0
Precinct 9743 - Election Day	77	65	1,093	172	0	0	30	142	0
Precinct 9743 - Vote By Mail	95	180	1,093	317	2	0	38	277	2
Precinct 9744 - Election Day	60	56	902	141	0	0	24	117	1
Precinct 9744 - Vote By Mail	78	112	902	234	1	0	43	190	0
Precinct 9745 - Election Day	55	57	934	141	0	0	28	113	1
Precinct 9745 - Vote By Mail	79	92	934	205	-1	1	31	174	3
Precinct 9746 - Election Day	44	101	867	192	0	0	46	146	1
Precinct 9746 - Vote By Mail	67	204	867	334	2	0	61	271	0
Precinct 9747 - Election Day	68	99	940	198	0	0	30	168	1
Precinct 9747 - Vote By Mail	84	185	940	323	0	0	52	271	2
Precinct 9748 - Election Day	26	98	913	164	0	0	36	128	4
Precinct 9748 - Vote By Mail	80	200	913	342	3	2	56	281	1
Precinct 9749 - Election Day	55	54	893	143	-1	0	34	110	1
Precinct 9749 - Vote By Mail	84	154	893	266	0	0	28	238	0
Precinct 9751 - Election Day	47	78	977	157	-1	1	30	127	2
Precinct 9751 - Vote By Mail	82	230	977	384	2	1	65	316	4
Precinct 9752 - Election Day	45	64	692	143	0	0	33	110	1
Precinct 9752 - Vote By Mail	86	167	692	305	2	0	49	254	1
Precinct 9753 - Election Day	33	83	735	148	0	0	30	118	2
Precinct 9753 - Vote By Mail	86	138	735	266	-1	0	42	225	1
Precinct 9754 - Election Day	64	74	701	169	0	0	31	138	0
Precinct 9754 - Vote By Mail	90	163	701	296	1	0	42	253	0
Precinct 9755 - Election Day	43	61	553	120	-1	0	17	104	0
Precinct 9755 - Vote By Mail	52	125	553	201	0	0	23	178	1
Precinct 9756 - Election Day	37	66	908	126	-1	0	24	103	0
Precinct 9756 - Vote By Mail	71	176	908	297	6	0	44	247	0
Precinct 9801 - Election Day	22	37	399	76	0	0	17	59	0
Precinct 9801 - Vote By Mail	44	84	399	148	0	0	20	128	0
Congressional District 12	66,263	115,510	426,647	225,360	215	113	42,489	182,543	770
Congressional District 14	7,297	15,958	55,344	28,223	31	22	4,777	23,393	138
Assembly District 17	46,354	72,896	280,269	147,301	86	79	27,354	119,782	532
Assembly District 19	27,206	58,572	201,722	106,282	160	56	19,912	86,154	376
BART District 7	4,123	8,064	36,166	15,261	16	10	2,984	12,251	64
BART District 8	27,016	63,235	215,670	112,119	160	54	21,252	90,653	402
BART District 9	42,421	60,169	230,155	126,203	70	71	23,030	103,032	442
Supervisorial District 1	6,645	11,630	40,919	22,431	37	5	4,045	18,344	69
Supervisorial District 2	4,879	14,105	48,242	24,389	59	15	5,279	19,036	52
Supervisorial District 3	4,754	9,994	38,273	18,567	-2	10	3,750	14,809	61
Supervisorial District 4	5,197	12,593	41,216	21,994	23	6	4,095	17,870	80
Supervisorial District 5	10,211	12,693	52,114	28,694	27	13	5,661	22,993	89
Supervisorial District 6	4,903	9,050	41,151	17,498	3	16	3,449	14,030	77
Supervisorial District 7	6,308	15,184	46,301	26,230	34	15	4,588	21,593	101
Supervisorial District 8	10,878	18,655	56,415	36,015	-8	14	6,383	29,626	93
Supervisorial District 9	9,245	9,397	41,665	22,565	25	14	3,771	18,755	113
Supervisorial District 10	5,251	9,210	39,848	17,900	39	11	3,309	14,541	80
Supervisorial District 11	5,289	8,957	35,847	17,300	9	16	2,936	14,339	93
Bayview/Hunters Point	2,362	3,994	19,131	7,881	23	7	1,464	6,387	31
Chinatown	1,855	4,482	16,742	8,038	-5	4	1,686	6,353	16
Civic Center/Downtown	3,778	6,036	27,631	12,231	3	14	2,340	9,874	60
Diamond Heights	1,113	2,619	6,857	4,487	1	3	733	3,750	18
Excelsior	3,959	6,705	26,541	12,895	5	11	2,160	10,719	55
Haight Ashbury	3,128	3,656	14,552	8,410	10	2	1,602	6,796	12
Ingleside	1,643	2,823	11,506	5,461	8	5	943	4,505	39
Inner Sunset	1,744	2,635	9,393	5,438	8	4	1,036	4,390	11
Lake Merced	982	1,814	8,641	3,424	2	4	607	2,811	15
Laurel Heights/Anza Vista	1,433	2,593	9,744	5,037	6	5	988	4,038	12
Marina Pacific Heights	3,920	10,858	38,757	19,070	49	8	4,185	14,828	50
Mission	6,975	6,284	30,096	16,088	11	10	2,734	13,333	74
Noe Valley	3,052	5,565	16,415	10,584	-11	5	1,939	8,651	34
North Bernal Heights	2,305	2,261	8,622	5,494	0	3	905	4,586	20
North Embarcadero	861	1,971	6,827	3,580	6	1	727	2,846	14
Portola	1,221	2,438	8,914	4,445	3	1	760	3,681	22
Potrero Hill	2,345	4,042	15,511	7,917	5	3	1,497	6,412	25
Richmond	5,853	10,233	35,688	19,724	30	5	3,543	16,146	60
Sea Cliff/Presidio Heights	848	2,790	7,813	4,593	10	2	936	3,645	7
South of Bernal Heights	1,992	2,487	9,230	5,452	8	2	942	4,500	21
South of Market	2,634	5,344	23,278	10,026	-3	5	2,004	8,020	42
Sunset	5,097	12,429	40,651	21,684	21	6	4,051	17,606	80
Upper Market/Eureka Valley	3,502	6,426	18,424	12,111	5	3	2,151	9,952	24
Visitation Valley	714	1,888	7,867	3,226	9	3	587	2,627	25
West of Twin Peaks	4,701	12,344	33,960	20,797	29	11	3,631	17,126	81
Western Addition	5,543	6,751	29,200	15,490	13	8	3,115	12,354	60
